{"cameraMode":{"drawMode":0,"name":"Shaded","section":"Shading Mode"},"sceneLighting":true,"audioPlay":false,"sceneViewState":{"showFog":true,"showMaterialUpdate":false,"showSkybox":true,"showFlares":true,"showImageEffects":true,"showParticleSystems":true},"in2DMode":false,"pivot":{"x":-10.860365867614746,"y":9.431291580200196,"z":9.962442398071289},"rotation":{"x":0.1966279000043869,"y":-0.027926072478294374,"z":0.0056529841385781769,"w":0.9800641536712647},"size":11.014549255371094,"orthographic":true}